Date Received,Company / Project Name,Sector,Description,LTM EBITDA ($M),"KGP 
Lead",Source,"Status 
(Note: color updates automatically)",Investment Criteria Fit?,One Pager?,"EOI Range
EV/EBITDA Multiple","LOI
EV/EBITDA
Multiple",,,,,,Date Received,Date Received,,,,,,,,,,,,,,,,,,,,,
,,,,,,,,,,,,,,,,,,,,,,,,,,,,,,,,,,,,,,,
15-Oct-25,Project Sable,Retail,Leading Canadian Footwear Brand,$0.9,MS,CIBC Mid-Market (Toronto),Passed,No,No,  -   ,  -   ,,,,,,Oct,2025,,,LTM,YTD,,,,,,,,,,,,,,,,,
14-Oct-25,Project Altitude (Pacific Coastal Airline),Consumer Services,Regional Airline servicing small towns in BC,$15.5,MS,Capital West Partners,Passed,No,No,,,,,,,,Oct,2025,,,LTM,YTD,,,,,,,,,,,,,,,,,
14-Oct-25,Bold Embers Equestrian,Other,Global equestrian asset-backed operating platform,n.a.,MS,Other,Immediate Pass,No,No,  -   ,  -   ,,,,,,Oct,2025,,,LTM,YTD,,,,,,,,,,,,,,,,,
10-Oct-25,Project Framework,Building Products,Canadian mass-timber and pre-fabrication building solutions provider,$1.0,MA,RWT Growth,In Review,Bolt-on,No,,,,,,,,Oct,2025,,,LTM,YTD,,,,,,,,,,,,,,,,,
7-Oct-25,Project Metro (AdTrackMedia),Other,LED ad technology,n.a.,AH,Fort Capital,Passed,VC,No,  -   ,  -   ,,,,,,Oct,2025,,,LTM,YTD,,,,,,,,,,,,,,,,,
6-Oct-25,Project Harbour,Other,Portfolio of F&B brands ,$10.0,TMH,Scotiabank,Immediate Pass,No,No,,,,,,,,Oct,2025,,,LTM,YTD,,,,,,,,,,,,,,,,,
1-Oct-25,Project Legacy,Transportation Services,Scheduled and premium passenger ground transportation company ,$5.5,MA,Capital West Partners,In Review,Yes,No,,,,,,,,Oct,2025,,,LTM,YTD,,,,,,,,,,,,,,,,,
24-Sep-25,Project Toro,Other,Frozen seafood importer and national distributor,$10.0,AH,Sequeira Partners,Passed,No,No,,,,,,,,Sep,2025,,,LTM,YTD,,,,,,,,,,,,,,,,,
17-Sep-25,Project Monstera,Other,Auto aftermarket distributor ,$5.8,AH,National Bank (Toronto),Immediate Pass,No,No,  -   ,  -   ,,,,,,Sep,2025,,,LTM,YTD,,,,,,,,,,,,,,,,,
15-Sep-25,DeeBees,Other,Organic fruit based consumables brand and manufacturer,n.a.,AH,Other,Immediate Pass,VC,No,,,,,,,,Sep,2025,,,LTM,YTD,,,,,,,,,,,,,,,,,
5-Sep-25,Project Kiln,Other,"Food manufacturer - Soups, sauces, dips, marinades, dressings",$10.0,AH,Origin Merchant Partners,Immediate Pass,No,No,,,,,,,,Sep,2025,,,LTM,YTD,,,,,,,,,,,,,,,,,
25-Aug-25,Reboot Labs LLC dba Plunge,Retail,Cold Plunge/ Sauna Company,$5.2,TMH,Other,Passed,Yes,No,,,,,,,,Aug,2025,,,LTM,YTD,,,,,,,,,,,,,,,,,
13-Aug-25,Reliable Fleet,Transportation Services,Towing company,n.a.,TMH,Origin Merchant Partners,Passed,No,No,,,,,,,,Aug,2025,,,LTM,YTD,,,,,,,,,,,,,,,,,
13-Aug-25,Project Gravy,Consumer Services,Quick Service Restaurant ,$4.5,MS,KPMG Corporate Finance (Vancouver),Passed,Yes,No,,,,,,,,Aug,2025,,,LTM,YTD,,,,,,,,,,,,,,,,,
31-Jul-25,Project Cedar ,Other,Custom Log and Timber Home builder ,$8.5,AH,BDO Canada LLP,Immediate Pass,No,No,,,,,,,,Jul,2025,,,LTM,YTD,,,,,,,,,,,,,,,,,
30-Jul-25,Project Up,Retail,Garage door and gate dealer & installer,$3.0,AH,KPMG Corporate Finance (Vancouver),Immediate Pass,Yes,No,,,,,,,,Jul,2025,,,LTM,YTD,,,,,,,,,,,,,,,,,
29-Jul-25,Not Disclosed,Retail,Pet Food manufacturer ,$9.0,AH,Capital West Partners,Immediate Pass,No,No,,,,,,,,Jul,2025,,,LTM,YTD,,,,,,,,,,,,,,,,,
22-Jul-25,Project Elevate,Business Services,Marketing Agency,$1.1,AH,BDO Canada LLP,Immediate Pass,Yes,No,,,,,,,,Jul,2025,,,LTM,YTD,,,,,,,,,,,,,,,,,
10-Jul-25,Special D Baking,Other,Doughnut manufacturer,n.a.,AH,Ernst & Young (Restructuring),Immediate Pass,Restructure,No,  -   ,  -   ,,,,,,Jul,2025,,,LTM,YTD,,,,,,,,,,,,,,,,,
7-Jul-25,RONA Interlakes Building Supplies,Building Products,Home improvement store - building supplies & hardware,$0.5,MA,Personal Relationships,In Review,Bolt-on,No,,,,,,,,Jul,2025,,,LTM,YTD,,,,,,,,,,,,,,,,,
2-Jul-25,Project Clara,Healthcare,Healthcare services provider ,$7.0,AH,Fort Capital,Passed,Yes,No,  -   ,  -   ,,,,,,Jul,2025,,,LTM,YTD,,,,,,,,,,,,,,,,,
26-Jun-25,Project Paladin (Protek Safety & Controls),Industrial Products,Industrial Safety Equipment Manufacturer & Distributor,$3.7,MS,Other,Passed,Yes,No,,,,,,,,Jun,2025,,,LTM,YTD,,,,,,,,,,,,,,,,,
26-Jun-25,Project Blue Sky,Business Services,Marketing Agency,$2.0,MA,Smythe LLP,Passed,Yes,No,,,,,,,,Jun,2025,,,LTM,YTD,,,,,,,,,,,,,,,,,
19-Jun-25,Not Disclosed,Business Services,Janitorial Facility Services Company,n.a.,AH,Other,Passed,No,No,,,,,,,,Jun,2025,,,LTM,YTD,,,,,,,,,,,,,,,,,
18-Jun-25,Energera,Other,Industrial Energy and Services Technology Provider,$8.9,MS,Sequeira Partners (Edmonton),Passed,No,No,,,,,,,,Jun,2025,,,LTM,YTD,,,,,,,,,,,,,,,,,
9-Jun-25,Juantonio's,Other,Tortilla chip brand and manufacturer,$8.6,MA,BMO Mid-Market Mergers and Acquisitions,Passed,No,No,,,,,,,,Jun,2025,,,LTM,YTD,,,,,,,,,,,,,,,,,
6-Jun-25,Project Excel,Business Services,Management consulting,$2.9,BL,Fort Capital,Passed,Yes,No,  -   ,  -   ,,,,,,Jun,2025,,,LTM,YTD,,,,,,,,,,,,,,,,,
2-Jun-25,Forecast Coffee,Retail,Coffee Shop & Bakery,$1.0,TMH,Personal Relationships,Completed,Yes,No,  -   ,  -   ,,,,,,Jun,2025,,,LTM,YTD,,,,,,,,,,,,,,,,,
28-May-25,AML Oceanographic,Industrial Products,Manufacturer of oceanographic and hydrographic equipment,$2.8,AH,Personal Relationships,Passed,Yes,No,  -   ,  -   ,,,,,,May,2025,,,LTM,YTD,,,,,,,,,,,,,,,,,
26-May-25,Kubik,Business Services,Experiential marketing provider,$11.0,MA,Deloitte Corporate Finance,Passed,No,No,  -   ,  -   ,,,,,,May,2025,,,LTM,YTD,,,,,,,,,,,,,,,,,
20-May-25,Castle Cheese,Wholesale,Niche food manufacturing company,$5.2,BL,Grant Thornton LLP (Kelowna),Passed,Yes,No,  -   ,  -   ,,,,,,May,2025,,,LTM,YTD,,,,,,,,,,,,,,,,,
12-May-25,Sooke Harbour House,Other,Boutique hotel and restaurant,n.a.,TMH,Personal Relationships,Completed,VC,No,  -   ,  -   ,,,,,,May,2025,,,LTM,YTD,,,,,,,,,,,,,,,,,
30-Apr-25,Project Bus,Transportation Services,Premium motorcoach and bus operators,$10.0,AH,Baker Tilly (Vancouver),Immediate Pass,No,No,  -   ,  -   ,,,,,,Apr,2025,,,LTM,YTD,,,,,,,,,,,,,,,,,
23-Apr-25,WRE Group,Industrial Products,Design and manufacturing of electrical distribution equipment,$4.0,AH,KPMG Corporate Finance (Winnipeg),Passed,Yes,No,  -   ,  -   ,,,,,,Apr,2025,,,LTM,YTD,,,,,,,,,,,,,,,,,
8-Apr-25,Regal Auctions,Other,Leading full-service vehicle and equipment auction company,$4.0,BL,Fort Capital,Passed,Yes,No,  -   ,  -   ,,,,,,Apr,2025,,,LTM,YTD,,,,,,,,,,,,,,,,,
31-Mar-25,Project Mahogany,Other,Designer and manufacturer of infrared saunas,$9.2,BL,PMCF,Immediate Pass,No,No,  -   ,  -   ,,,,,,Mar,2025,,,LTM,YTD,,,,,,,,,,,,,,,,,
14-Mar-25,Project Polaris,Transportation Services,Para-transit solutions serving clients across Quebec,$5.4,AH,National Bank,Immediate Pass,No,No,  -   ,  -   ,,,,,,Mar,2025,,,LTM,YTD,,,,,,,,,,,,,,,,,
6-Mar-25,Project Spark,Industrial Products,Agriculture equipment manufacturer (grain handling),$0.8,MA,BDO Canada LLP,Immediate Pass,No,No,  -   ,  -   ,,,,,,Mar,2025,,,LTM,YTD,,,,,,,,,,,,,,,,,
4-Mar-25,Project Refuse,Industrial Products,Waste Equipment & Tank Truck Manufacturer,$4.5,AH,Crosbie & Company,Passed,Yes,No,  -   ,  -   ,,,,,,Mar,2025,,,LTM,YTD,,,,,,,,,,,,,,,,,
12-Feb-25,Huha,Retail,Online women's apparel retailer,$5.4,BL,RBC Mid-Market M&A,Passed,Yes,No,  -   ,  -   ,,,,,,Feb,2025,,,LTM,YTD,,,,,,,,,,,,,,,,,
11-Feb-25,Project Roots,Business Services,Construction service provider specializing in concrete and masonry,$1.6,BL,IJW & Co,Immediate Pass,No,No,  -   ,  -   ,,,,,,Feb,2025,,,LTM,YTD,,,,,,,,,,,,,,,,,
10-Feb-25,Nova Painting & Restoration Inc.,Business Services,"Interior and exterior painting services for commerical, industrial, and strata buildings",$1.8,BL,Rise Advisors,Passed,No,No,  -   ,  -   ,,,,,,Feb,2025,,,LTM,YTD,,,,,,,,,,,,,,,,,
7-Feb-25,Lone Butte Supply,Building Products,Independent home improvement store - buildling supplies & hardware products,$1.0,BL,MNP (Vancouver),Completed,Bolt-on,No,  -   ,  -   ,,,,,,Feb,2025,,,LTM,YTD,,,,,,,,,,,,,,,,,
30-Jan-25,Project Apollo,Transportation Services,End-to-end logistics services for lifestyle brands,$11.2,AH,KPMG (Toronto),Immediate Pass,No,No,  -   ,  -   ,,,,,,Jan,2025,,,LTM,YTD,,,,,,,,,,,,,,,,,
4-Nov-24,Oceanview,Business Services,"Mechanical contractor in Victoria for new-build projects, commercial tenant improvements, renovations, and select service work",$5.6,BL,Relay Transition Partners,Passed,Yes,No,  -   ,  -   ,,,,,,Nov,2024,,,LTM,,,,,,,,,,,,,,,,,,
30-Oct-24,H2 Safety Services,Business Services,Technology-enabled emergency management and consulting business,$5.7,TMH,KPMG Corporate Finance (Calgary),Passed,Yes,No,  -   ,  -   ,,,,,,Oct,2024,,,,,,,,,,,,,,,,,,,,,
22-Oct-24,Project Spectrum,Business Services,Supply and installation of window glazing ,$0.0,KM,PwC (Edmonton),Immediate Pass,Bolt-on,No,  -   ,  -   ,,,,,,Oct,2024,,,,,,,,,,,,,,,,,,,,,
21-Oct-24,Inner City Diesel,Business Services,Water and tailing management solutions specializing in the design and engineering of custom pumping,$4.5,BL,Fort Capital,Passed,Yes,No,  -   ,  -   ,,,,,,Oct,2024,,,,,,,,,,,,,,,,,,,,,
15-Oct-24,Project Calico,Building Products,Building products retailer located in Southern Ontario,$4.0,TMH,MNP (Vancouver),Passed,Bolt-on,No,  -   ,  -   ,,,,,,Oct,2024,,,,PYTD,,,,,,,,,,,,,,,,,
15-Oct-24,Project Blue Jay,Consumer Services,Language education company,$1.2,TMH,Baker Tilly (Vancouver),Passed,No,No,  -   ,  -   ,,,,,,Oct,2024,,,,PYTD,,,,,,,,,,,,,,,,,
8-Oct-24,The Wilbar Group,Retail,Manufacturer of above ground pools,$7.6,MA,Capstone Partners,Passed,Bolt-on,No,,,,,,,,Oct,2024,,,,PYTD,,,,,,,,,,,,,,,,,
2-Oct-24,Advanced Material Handling,Industrial Products,Conveyer chains distributor and bulk material conveyor systems manufacturer,$6.0,BL,KPMG Corporate Finance (Vancouver),Passed,Yes,No,  -   ,  -   ,,,,,,Oct,2024,,,,PYTD,,,,,,,,,,,,,,,,,
25-Sep-24,The Pod Company,Retail,DTC and retail brand in wellness & recovery market,$10.7,TMH,GW Hahnbeck,Passed,Bolt-on,No,  -   ,  -   ,,,,,,Sep,2024,,,,PYTD,,,,,,,,,,,,,,,,,
22-Sep-24,Velofix,Consumer Services,Mobile bike servicing,$0.0,KM,Personal Relationships,Immediate Pass,VC,No,  -   ,  -   ,,,,,,Sep,2024,,,,PYTD,,,,,,,,,,,,,,,,,
16-Sep-24,Project Pumpkin,Retail,Grocery store business with multiple locations in Western Canada,$6.1,KM,Grant Thornton LLP (Calgary),Immediate Pass,Yes,No,  -   ,  -   ,,,,,,Sep,2024,,,,PYTD,,,,,,,,,,,,,,,,,
13-Sep-24,Oak & Fort,Retail,Premium apparel brand with retail footprint of 42 stores across Canada and the U.S.,-$3.7,KM,Montminy & Co.,Immediate Pass,No,No,  -   ,  -   ,,,,,,Sep,2024,,,,PYTD,,,,,,,,,,,,,,,,,
9-Sep-24,Project Integral,Business Services,"Fabrication, field services, and heavy equipment maintenance & rental",$13.7,BL,Assurgo Enterprises,Immediate Pass,No,No,  -   ,  -   ,,,,,,Sep,2024,,,,PYTD,,,,,,,,,,,,,,,,,
3-Sep-24,Project Russell,Business Services,Provides investigation services and emergency security to the insurance industry ,$0.0,AH,Raymond James,Immediate Pass,No,No,  -   ,  -   ,,,,,,Sep,2024,,,,PYTD,,,,,,,,,,,,,,,,,
27-Aug-24,Project Eagle,Business Services,Oil field services,$15.0,BL,Other,Passed,No,No,  -   ,  -   ,,,,,,Aug,2024,,,,PYTD,,,,,,,,,,,,,,,,,
15-Aug-24,West Coast Steel,Building Products,BC-based heavy manufacturing - steel fabrication,$2.0,BL,Rise Advisors,Passed,Yes,No,  -   ,  -   ,,,,,,Aug,2024,,,,PYTD,,,,,,,,,,,,,,,,,
7-Aug-24,Riversol,Retail,Skincare products,$0.3,KM,Personal Relationships,Passed,VC,No,  -   ,  -   ,,,,,,Aug,2024,,,,PYTD,,,,,,,,,,,,,,,,,
25-Jul-24,Wild North Services,Business Services,Water management and logistics solution provider ,$4.6,MA,BDO Canada LLP,Passed,Yes,No,  -   ,  -   ,,,,,,Jul,2024,,,,PYTD,,,,,,,,,,,,,,,,,
24-Jul-24,MEC,Retail,Canadian omni-channel outdoor technical gear and apparel retailer,$11.0,BL,"Kroll, formerly Duff & Phelps",Passed,No,No,  -   ,  -   ,,,,,,Jul,2024,,,,PYTD,,,,,,,,,,,,,,,,,
22-Jul-24,Tai Beauty Group,Retail,Natural beauty manufacturer & house of brands,$0.9,KM,Personal Relationships,Passed,VC,No,  -   ,  -   ,,,,,,Jul,2024,,,,PYTD,,,,,,,,,,,,,,,,,
16-Jul-24,Project Paint,Building Products,Single hardware retailer in Northern BC,$1.5,BL,MNP (Edmonton),Passed,Bolt-on,No,  -   ,  -   ,,,,,,Jul,2024,,,,PYTD,,,,,,,,,,,,,,,,,
16-Jul-24,Reusables.com,Consumer Services,Reusable container SaaS,$0.0,BL,Praxis,Immediate Pass,No,No,  -   ,  -   ,,,,,,Jul,2024,,,,PYTD,,,,,,,,,,,,,,,,,
9-Jul-24,Western Solar,Building Products,Solar contracting / EPC company,$5.6,MA,TrueNorth M&A,Passed,Yes,No,  -   ,  -   ,,,,,,Jul,2024,,,,PYTD,,,,,,,,,,,,,,,,,
8-Jul-24,Canadian Timberframes,Building Products,Manufacturer of specialty building products for mass timber projects,$5.0,KM,BDO Canada LLP,Passed,Yes,No,  -   ,  -   ,,,,,,Jul,2024,,,,PYTD,,,,,,,,,,,,,,,,,
25-Jun-24,Project Falcon,Business Services,"Provides marketing, customer onboarding, and back office support for Licensed Insolvency Trustees",$3.6,AH,KPMG (Toronto),Passed,No,No,  -   ,  -   ,,,,,,Jun,2024,,,,PYTD,,,,,,,,,,,,,,,,,
24-Jun-24,Revol Technologies Inc,Retail,Sustainable underwear option in menstrual care products,n.a.,AH,Personal Relationships,Passed,VC,No,  -   ,  -   ,,,,,,Jun,2024,,,,PYTD,,,,,,,,,,,,,,,,,
18-Jun-24,Divine Flooring,Building Products,"Branded flooring products importer, manufacturer and distributor",$9.5,KM,BDO Canada LLP,Passed,No,No,  -   ,  -   ,,,,,,Jun,2024,,,,PYTD,,,,,,,,,,,,,,,,,
18-Jun-24,Coldstar Solutions,Transportation Services,Niche transportation & storage company,$4.0,BL,STS Capital Partners,Passed,Yes,No,  -   ,  -   ,,,,,,Jun,2024,,,,PYTD,,,,,,,,,,,,,,,,,
17-Jun-24,Oracle RMG,Business Services,Canadian P&C insurance brokerage,$4.7,BL,KPMG Corporate Finance (Vancouver),Passed,No,No,  -   ,  -   ,,,,,,Jun,2024,,,,PYTD,,,,,,,,,,,,,,,,,
14-Jun-24,Midwest Stairs & Iron,Building Products,Manufacturer and fabricator of steel and aluminum architectural products (Vista),$2.5,AH,TKO Miller,Passed,Bolt-on,No,5.4x-5.9x,  -   ,,,,,,Jun,2024,,,,PYTD,,,,,,,,,,,,,,,,,
10-Jun-24,Project Groove,Other,Online music education platform,$1.7,KM,Origin Merchant Partners,Passed,No,No,  -   ,  -   ,,,,,,Jun,2024,,,,PYTD,,,,,,,,,,,,,,,,,
4-Jun-24,Alberta Asphalt Group,Business Services,"Infrastructure services including paving, base preparation, and concrete construction",$7.2,TMH,Grant Thornton LLP (Edmonton),Passed,Yes,No,  -   ,  -   ,,,,,,Jun,2024,,,,PYTD,,,,,,,,,,,,,,,,,
31-May-24,Surtek Industries,Electronics,Contract electronics and electrical manufacturing company,$5.0,TMH,Rise Advisors,Passed,Yes,No,  -   ,  -   ,,,,,,May,2024,,,,PYTD,,,,,,,,,,,,,,,,,
28-May-24,K-Line,Transportation Products,Transportation equipment manufacturer,$6.5,BL,Sequoia Mergers & Acquisitions Corp.,Passed,Yes,No,  -   ,  -   ,,,,,,May,2024,,,,PYTD,,,,,,,,,,,,,,,,,
24-May-24,RWC Systems Inc,Building Products,"Supply, construction, and installation of steel stud and drywall wall assemblies, and specialty ceilings.",$7.3,MJA,BDO Canada LLP,Passed,Yes,No,  -   ,  -   ,,,,,,May,2024,,,,PYTD,,,,,,,,,,,,,,,,,
21-May-24,Pan American Nursery Products,Wholesale,Distributing and wholesaling of retail ready plants,$7.0,BL,KPMG Corporate Finance (Vancouver),Passed,Yes,No,  -   ,  -   ,,,,,,May,2024,,,,PYTD,,,,,,,,,,,,,,,,,
14-May-24,NuWave,Business Services,Microwave assisted processing,n.a.,TMH,Other,Passed,VC,No,  -   ,  -   ,,,,,,May,2024,,,,PYTD,,,,,,,,,,,,,,,,,
14-May-24,Contour Earthmoving,Business Services,Earthworks and heavy construction company,$8.8,TMH,Grant Thornton LLP (Calgary),Passed,No,No,  -   ,  -   ,,,,,,May,2024,,,,PYTD,,,,,,,,,,,,,,,,,
14-May-24,Big Country Equipment Repair,Business Services,Equipment servicer for remote locations,$5.3,BL,MNP (Vancouver),Passed,No,No,  -   ,  -   ,,,,,,May,2024,,,,PYTD,,,,,,,,,,,,,,,,,
13-May-24,Project Link,Business Services,"Connects companies with the investment community by hosting conferences, meeetings, etc.",$3.0,KM,Fort Capital,Immediate Pass,Yes,No,  -   ,  -   ,,,,,,May,2024,,,,PYTD,,,,,,,,,,,,,,,,,
10-May-24,Project Horizon,Business Services,Paving contractor,$9.7,TMH,BDO Canada LLP,Immediate Pass,No,No,  -   ,  -   ,,,,,,May,2024,,,,PYTD,,,,,,,,,,,,,,,,,
9-May-24,PowerWood,Agriculture / Forestry,Cedar wood supplier,$1.9,KM,Personal Relationships,Passed,Yes,No,  -   ,  -   ,,,,,,May,2024,,,,PYTD,,,,,,,,,,,,,,,,,
9-May-24,Coho Collective,Consumer Services,"2 businesses: Coho Commissary, a shared rentable kitchen and Purebread, a bakery chain",$3.1,TMH,Other,Passed,Yes,No,  -   ,  -   ,,,,,,May,2024,,,,PYTD,,,,,,,,,,,,,,,,,
8-May-24,Project Whitefish,Electronics,Vertically integrated electrical utility construction and maintenance provider,$13.0,TMH,Fort Capital,Immediate Pass,No,No,  -   ,  -   ,,,,,,May,2024,,,,PYTD,,,,,,,,,,,,,,,,,
30-Apr-24,Project Solar,Other,Tomato processing company,$2.8,TMH,KPMG (Toronto),Immediate Pass,No,No,  -   ,  -   ,,,,,,Apr,2024,,,,PYTD,,,,,,,,,,,,,,,,,
29-Apr-24,Paramount Services,Business Services,Maintenance and equipment supply company,$4.5,KM,Grant Thornton LLP (Winnipeg),Passed,Yes,No,  -   ,  -   ,,,,,,Apr,2024,,,,PYTD,,,,,,,,,,,,,,,,,
24-Apr-24,tappConnect,Transportation Services,Regional transportation service provider,$5.6,AH,MNP (Vancouver),Passed,Yes,No,  -   ,  -   ,,,,,,Apr,2024,,,,PYTD,,,,,,,,,,,,,,,,,
24-Apr-24,CB Medical Inc.,Healthcare,Medical products and supplies,$3.1,AH,BDO Canada LLP,Passed,Yes,Yes,6.5x-7.5x,  -   ,,,,,,Apr,2024,,,,PYTD,,,,,,,,,,,,,,,,,
23-Apr-24,The AOK Group,Business Services,Construction services delivering on complex projects across various sectors,$18.6,BL,MNP (Vancouver),Passed,No,No,  -   ,  -   ,,,,,,Apr,2024,,,,PYTD,,,,,,,,,,,,,,,,,
22-Apr-24,Lustre Products,Building Products,"Manufacturer of handrail systems, safety barricades, and tools for elevator and lift industry",$2.5,AH,MNP (Vancouver),Passed,Yes,No,  -   ,  -   ,,,,,,Apr,2024,,,,PYTD,,,,,,,,,,,,,,,,,
19-Apr-24,Seair Seaplanes,Consumer Services,Regional airline in BC,$5.0,AH,Capital West Partners,Completed,Yes,Yes, 6.2x-7.0x , 6.2x ,,,,,,Apr,2024,,,,PYTD,,,,,,,,,,,,,,,,,
17-Apr-24,Project Seal,Business Services,Distributor of packaging material and equipment for food processors,$9.7,TMH,KPMG (Toronto),Immediate Pass,No,No,  -   ,  -   ,,,,,,Apr,2024,,,,PYTD,,,,,,,,,,,,,,,,,
16-Apr-24,Alberta Wilbert Sales,Industrial Products,Manufacturer and distributor of precast water and waste-water related building and infrastructure products,$5.0,AH,Sequeira Partners,Passed,Yes,No,  -   ,  -   ,,,,,,Apr,2024,,,,PYTD,,,,,,,,,,,,,,,,,
10-Apr-24,Western Rice Mills,Wholesale,"Procures products from around the world to supply distributors, grocery stores, etc.",$2.1,KM,TrueNorth M&A,Passed,Yes,No,  -   ,  -   ,,,,,,Apr,2024,,,,PYTD,,,,,,,,,,,,,,,,,
8-Apr-24,Project Cloud,Retail,Canadian cannabis company,$6.7,MA,Haywood Securities,Immediate Pass,No,No,  -   ,  -   ,,,,,,Apr,2024,,,,PYTD,,,,,,,,,,,,,,,,,
28-Mar-24,Sentrimax Centrifuges,Business Services,Separation equipment specialist / environmental fluid solutions,$3.1,KM,Grant Thornton LLP (Calgary),Passed,Yes,No,  -   ,  -   ,,,,,,Mar,2024,,,,PYTD,,,,,,,,,,,,,,,,,
22-Mar-24,Delta Marine Services,Business Services,Services for yachts and other marine vessels.,$2.9,BL,MNP (Vancouver),Passed,Yes,No,  -   ,  -   ,,,,,,Mar,2024,,,,PYTD,,,,,,,,,,,,,,,,,
21-Mar-24,Project Snapshot,Business Services,Professional headshots and badging,$2.4,TMH,PwC (Toronto),Immediate Pass,No,No,  -   ,  -   ,,,,,,Mar,2024,,,,PYTD,,,,,,,,,,,,,,,,,
8-Mar-24,Imperial Sign,Industrial Products,Commercial sign manufacturer,$0.5,KM,Personal Relationships,Passed,VC,No,  -   ,  -   ,,,,,,Mar,2024,,,,PYTD,,,,,,,,,,,,,,,,,
7-Mar-24,Equipment Manufacturer,Industrial Products,Heavy equipment manufacturing,$1.9,KM,TrueNorth M&A,Immediate Pass,No,No,  -   ,  -   ,,,,,,Mar,2024,,,,PYTD,,,,,,,,,,,,,,,,,
6-Mar-24,Project Dawn,Business Services,Provider of review seeding services for consumer brands,$0.8,KM,FTI Capital Advisors,Passed,Bolt-on,No,  -   ,  -   ,,,,,,Mar,2024,,,,PYTD,,,,,,,,,,,,,,,,,
5-Mar-24,Genuine Guide Gear,Retail,Manufacturer of industry-leading gear for backcountry skiing and snowboard,n.a.,KM,Personal Relationships,Passed,VC,No,  -   ,  -   ,,,,,,Mar,2024,,,,PYTD,,,,,,,,,,,,,,,,,
4-Mar-24,Project Marvel,Retail,Diamond retailer,$12.0,AH,Origin Merchant Partners,Immediate Pass,No,No,  -   ,  -   ,,,,,,Mar,2024,,,,PYTD,,,,,,,,,,,,,,,,,
27-Feb-24,Project Remedy,Healthcare,Consolidator of indepdent pharmacies in Canada,$7.1,KM,PwC (Vancouver),Passed,Yes,No,  -   ,  -   ,,,,,,Feb,2024,,,,PYTD,,,,,,,,,,,,,,,,,
23-Feb-24,Good Natured Products,Other,Earth-friendly packaging,$0.7,KM,Personal Relationships,Passed,No,No,  -   ,  -   ,,,,,,Feb,2024,,,,PYTD,,,,,,,,,,,,,,,,,
23-Feb-24,Prairie Steel Products,Industrial Products,Engineered metal products,$3.5,KM,Sequeira Partners,Passed,Yes,No,  -   ,  -   ,,,,,,Feb,2024,,,,PYTD,,,,,,,,,,,,,,,,,
23-Feb-24,Project Snowbird,Industrial Products,HVAC/Electrical services,$0.7,BL,BCI,Immediate Pass,No,No,  -   ,  -   ,,,,,,Feb,2024,,,,PYTD,,,,,,,,,,,,,,,,,
22-Feb-24,Project Flow,Building Products,Alternatives to traditional building components,$6.9,AH,Fort Capital,Immediate Pass,No,No,  -   ,  -   ,,,,,,Feb,2024,,,,PYTD,,,,,,,,,,,,,,,,,
20-Feb-24,Project Savoury,Other,"Specialty organic oats, spice, herb, and seasoning brand",$1.9,AH,BDO Canada LLP,Immediate Pass,No,No,  -   ,  -   ,,,,,,Feb,2024,,,,PYTD,,,,,,,,,,,,,,,,,
20-Feb-24,Project Patriot,Building Products,"Mechanical contractor serving contruction design, fabrication, and installation.",$1.9,TMH,Grant Thornton LLP (Toronto),Immediate Pass,No,No,  -   ,  -   ,,,,,,Feb,2024,,,,PYTD,,,,,,,,,,,,,,,,,
15-Feb-24,DROP Sprockets,Industrial Products,Manufacturer of customizble parts that are critical in equipment and machinery.,$5.6,AH,Fort Capital,Passed,Yes,Yes,10.7x-11.7x,  -   ,,,,,,Feb,2024,,,,PYTD,,,,,,,,,,,,,,,,,
12-Feb-24,ACML,Business Services,Mission critical hard facilities management services provider,$6.5,AH,KPMG (Toronto),Passed,No,No,  -   ,  -   ,,,,,,Feb,2024,,,,PYTD,,,,,,,,,,,,,,,,,
6-Feb-24,Technicon Industries,Building Products,Commercial and residential trade services contractor,$3.0,AH,MNP (Vancouver),Passed,Yes,No,  -   ,  -   ,,,,,,Feb,2024,,,,PYTD,,,,,,,,,,,,,,,,,
25-Jan-24,Brydon Stairs,Building Products,Designs and manufactures wooden residential building components,$5.0,KM,MNP (Calgary),Passed,Yes,No,  -   ,  -   ,,,,,,Jan,2024,,,,PYTD,,,,,,,,,,,,,,,,,
24-Jan-24,Project Bailey,Business Services,Safety code inspection firm offering compliance monitoring services.,$2.0,MA,Osprey Capital Partners,Immediate Pass,Yes,No,  -   ,  -   ,,,,,,Jan,2024,,,,PYTD,,,,,,,,,,,,,,,,,
19-Jan-24,Smartrend Manufacturing (SMG),Electronics,Manufacture customer-specific engineered components and school bus safety products,$6.5,KM,Ernst & Young (Saskatoon),Passed,Yes,Yes,5.9x-6.5x,  -   ,,,,,,Jan,2024,,,,PYTD,,,,,,,,,,,,,,,,,
5-Jan-24,Wholesale Food Distribution,Wholesale,Wholesale Food Distribution,$0.5,MA,Pacific Mergers & Acquisitions,Immediate Pass,No,No,  -   ,  -   ,,,,,,Jan,2024,,,,PYTD,,,,,,,,,,,,,,,,,
15-Dec-23,Colligo Networks,Business Services,API for Microsoft Outlook to save files to permitted drives,n.a.,BL,KGP Website,Immediate Pass,VC,No,  -   ,  -   ,,,,,,Dec,2023,,,,,Agriculture / Forestry,Yes,,,,,,,,,,,,,,,
13-Dec-23,Mednow Inc,Healthcare,Full-service digital pharmacy & healthcare company,n.a.,KM,Ernst & Young (Restructuring),Passed,Restructure,No,  -   ,  -   ,,,,,,Dec,2023,,,,,Building Products,No,,,,,,,,,,,,,,,
6-Dec-23,Matrix Video Communications Corp.,Electronics,Audio Visual (AV) integration services,$3.0,BL,Assurgo Enterprises,Passed,Yes,No,  -   ,  -   ,,,,,,Dec,2023,,,,,Business Services,Bolt-on,,,,,,,,,,,,,,,
6-Dec-23,Project Hartum,Transportation Services,Oil & Gas related transport services,$20.0,AH,RWT Growth,Immediate Pass,No,No,  -   ,  -   ,,,,,,Dec,2023,,,,,Consumer Services,VC,,,,,,,,,,,,,,,
6-Dec-23,The Network Inc.,Business Services,"Face-to-face marketing, customer acquisitions, and non-profit fundraising",$2.2,AH,RWT Growth,Passed,Yes,No,  -   ,  -   ,,,,,,Dec,2023,,,,,Electronics,Restructure,,,,,,,,,,,,,,,
5-Dec-23,Smile Innovations Group,Healthcare,Dental clinic roll-up + manufacturer of dental products,$3.0,KM,Personal Relationships,Passed,Yes,No,  -   ,  -   ,,,,,,Dec,2023,,,,,Healthcare,,,,,,,,,,,,,,,,
4-Dec-23,Project Hitch,Transportation Services,Towing and road assistance company,$1.3,AH,Grant Thornton LLP (Victoria),Immediate Pass,No,No,  -   ,  -   ,,,,,,Dec,2023,,,,,Industrial Products,,,,,,,,,,,,,,,,
4-Dec-23,Atlantic Canadian O&G Services Company,Other,Hydraulic mechanical services,$2.2,KM,Personal Relationships,Immediate Pass,No,No,  -   ,  -   ,,,,,,Dec,2023,,,,,Other,,,,,,,,,,,,,,,,
30-Nov-23,CozyStay,Consumer Services,Property management platform,n.a.,BL,KGP Website,Immediate Pass,VC,No,  -   ,  -   ,,,,,,Nov,2023,,,,,Retail,,,,,,,,,,,,,,,,
29-Nov-23,AdvanTec Marine,Industrial Products,Manufacturer of marine structures and equipment,$7.4,AH,Fort Capital,Passed,Yes,No,  -   ,  -   ,,,,,,Nov,2023,,,,,Transportation Products,,,,,,,,,,,,,,,,
15-Nov-23,Berts Electric,Building Products,"Electrical contractor (multi-family, industrial, institutional, and commercial)",$10.3,BL,Fort Capital,Passed,No,No,  -   ,  -   ,,,,,,Nov,2023,,,,,Transportation Services,,,,,,,,,,,,,,,,
10-Nov-23,Contact Instruments,Industrial Products,"Manufacturer of measurement, electronics, and custom cable assemblies",$3.7,KM,Sequeira Partners (Edmonton),Passed,Yes,No,  -   ,  -   ,,,,,,Nov,2023,,,,,Wholesale,,,,,,,,,,,,,,,,
14-Nov-23,SkyFire Energy,Building Products,Solar renewable energy,$3.0,BL,CIBC Mid-Market (Vancouver),Passed,Yes,No,  -   ,  -   ,,,,,,Nov,2023,,,,,,,,,,,,,,,,,,,,,
14-Nov-23,Project Leopard,Industrial Products,Industrial automation company,$3.0,BL,Baker Tilly (Toronto),Immediate Pass,No,No,  -   ,  -   ,,,,,,Nov,2023,,,,,,,,,,,,,,,,,,,,,
10-Nov-23,Project Rum,Business Services,Custom metal fabrication,$3.0,BL,Coldwater,Immediate Pass,No,No,  -   ,  -   ,,,,,,Nov,2023,,,,,,,,,,,,,,,,,,,,,
10-Nov-23,Project Facade,Building Products,Manufacturer of exterior cladding systems,$1.9,BL,Coldwater,Immediate Pass,No,No,  -   ,  -   ,,,,,,Nov,2023,,,,,,,,,,,,,,,,,,,,,
10-Nov-23,Project Highland,Building Products,Glass curtain wall and aluminum composite panel systems,$2.1,BL,Coldwater,Immediate Pass,No,No,  -   ,  -   ,,,,,,Nov,2023,,,,,,,,,,,,,,,,,,,,,
7-Nov-23,Maxx,Business Services,"Pipeline integrity, maintenance, and repair",$7.3,KM,National Bank (Toronto),Passed,Yes,No,  -   ,  -   ,,,,,,Nov,2023,,,,,,,,,,,,,,,,,,,,,
31-Oct-23,Coastal Mountain Excavations,Business Services,Civil-construction and snow-removal contractor in the Sea-to-Sky Corridor,$4.0,BL,Sequoia Mergers & Acquisitions Corp.,Passed,No,No,  -   ,  -   ,,,,,,Oct,2023,,,,,,,,,,,,,,,,,,,,,
30-Oct-23,Project Bronco,Other,Horizontal directional drilling company,$4.0,BL,Baker Tilly (Toronto),Immediate Pass,No,No,  -   ,  -   ,,,,,,Oct,2023,,,,,,,,,,,,,,,,,,,,,
26-Oct-23,South-East Pallet & Wood Products,Agriculture / Forestry,"Forestry business: logging, milling, and manufacturing",$2.8,KM,PwC (Winnipeg),Passed,Yes,No,  -   ,  -   ,,,,,,Oct,2023,,,,,,,,,,,,,,,,,,,,,
22-Oct-23,Lomi,Retail,Food waste platform,n.a.,AH,STS Capital Partners,Passed,VC,No,  -   ,  -   ,,,,,,Oct,2023,,,,,,,,,,,,,,,,,,,,,
20-Oct-23,Swirltex,Other,Liquid filtration technology for wastewater,n.a.,KM,Natural Products Canada,Passed,VC,No,  -   ,  -   ,,,,,,Oct,2023,,,,,,,,,,,,,,,,,,,,,
20-Oct-23,West Coast Sightseeing,Consumer Services,"Tourist bus trips around the Lower Mainland, Whistler, and Victoria",$5.0,KM,TD Special Loans,Immediate Pass,Restructure,No,  -   ,  -   ,,,,,,Oct,2023,,,,,,,,,,,,,,,,,,,,,
18-Oct-23,Wasp Manufacturing,Business Services,Manufacturer and rental equipment supplier specialzing in wildfire protection,$0.4,KM,Personal Relationships,Passed,VC,No,  -   ,  -   ,,,,,,Oct,2023,,,,,,,,,,,,,,,,,,,,,
18-Oct-23,ESP Salon Sales,Wholesale,Western Canadian wholesale distributor of salon and beauty products,$2.2,BL,ATB Capital Markets,Passed,Yes,No,  -   ,  -   ,,,,,,Oct,2023,,,,,,,,,,,,,,,,,,,,,
16-Oct-23,Seymour Health Centre Inc,Healthcare,"Health care clinics offering primary care, diagnositcs imaging, lab services, and other sepcialsed services.",n.a.,KM,Ernst & Young (Restructuring),Immediate Pass,Restructure,No,  -   ,  -   ,,,,,,Oct,2023,,,,,,,,,,,,,,,,,,,,,
13-Oct-23,Iota Construction Ltd.,Building Products,"Bridge construction (design, manufacturing, installation, and certificaiton)",$2.6,TMH,Pacific Mergers & Acquisitions,Passed,Yes,No,  -   ,  -   ,,,,,,Oct,2023,,,,,,,,,,,,,,,,,,,,,
11-Oct-23,Fast Growing Pub Style Restaurant Chain,Consumer Services,Fast Growing Pub Style Restaurant Chain,$13.0,TMH,Capital West Partners,Immediate Pass,No,No,  -   ,  -   ,,,,,,Oct,2023,,,,,,,,,,,,,,,,,,,,,
10-Oct-23,Project Halo,Business Services,B2B tech-enabled meal and catering service provider,$0.2,AH,RBC Mid-Market M&A,Immediate Pass,No,No,  -   ,  -   ,,,,,,Oct,2023,,,,,,,,,,,,,,,,,,,,,
5-Oct-23,Fibretech,Retail,Plumbing Retailer & Distrubtor,n.a.,TMH,Personal Relationships,Passed,No,No,  -   ,  -   ,,,,,,Oct,2023,,,,,,,,,,,,,,,,,,,,,
4-Oct-23,Pacific Radiator,Industrial Products,Specialty industrial equipment parts manufacturer,$2.9,BL,Relay Transition Partners,Passed,Yes,No,  -   ,  -   ,,,,,,Oct,2023,,,,,,,,,,,,,,,,,,,,,
28-Sep-23,Kernels Popcorn,Consumer Services,Quick service snack food restaurant,$2.9,KM,Grant Thornton LLP (Toronto),Passed,No,No,  -   ,  -   ,,,,,,Sep,2023,,,,,,,,,,,,,,,,,,,,,
27-Sep-23,Petland,Retail,Pet Retail,$8.5,AH,Deloitte Corporate Finance,Passed,Yes,Yes,  -   ,  -   ,,,,,,Sep,2023,,,,,,,,,,,,,,,,,,,,,
27-Sep-23,Vocational Training Business,Business Services,Provider of specialized training programs recognized by industry standard associations,$0.5,KM,Pacific Mergers & Acquisitions,Immediate Pass,No,No,  -   ,  -   ,,,,,,Sep,2023,,,,,,,,,,,,,,,,,,,,,
26-Sep-23,Custom Flooring Centres,Building Products,Provider of custom flooring on the Sunshine Coast,$2.0,KM,Lark Street Capital,Passed,Yes,No,  -   ,  -   ,,,,,,Sep,2023,,,,,,,,,,,,,,,,,,,,,
19-Sep-23,Dynaflex,Industrial Products,Manufacturer of piping systems,$10.0,KM,Sequeira Partners (Edmonton),Passed,Yes,Yes,  -   ,  -   ,,,,,,Sep,2023,,,,,,,,,,,,,,,,,,,,,
18-Sep-23,MTC Solutions,Building Products,Hardware solutions for mass timber construction,$2.4,TMH/KM,Personal Relationships,Passed,Yes,No,  -   ,  -   ,,,,,,Sep,2023,,,,,,,,,,,,,,,,,,,,,
14-Sep-23,"Freehouse Collective, formerly Donnelly Group",Consumer Services,Vancouver & Toronto pub and restaurant group emerging from CCAA,$0.0,KM,Ashdown Capital,Passed,Restructure,No,  -   ,  -   ,,,,,,Sep,2023,,,,,,,,,,,,,,,,,,,,,
6-Sep-23,ShipOffers,Transportation Services,E-commerce fulfillment and warehousing,$9.0,KM,PMCF,Passed,No,No,  -   ,  -   ,,,,,,Sep,2023,,,,,,,,,,,,,,,,,,,,,
6-Sep-23,Firemaster Oilfield Services Inc.,Business Services,Fire protection and emergency response company,$1.6,KM,ElkLake Partners Inc.,Passed,No,No,  -   ,  -   ,,,,,,Sep,2023,,,,,,,,,,,,,,,,,,,,,
5-Sep-23,SEI Industries,Industrial Products,Maker of the Bambi bucket used in aerial fire fighting,$20.0,BL,Personal Relationships,Passed,No,No,  -   ,  -   ,,,,,,Sep,2023,,,,,,,,,,,,,,,,,,,,,
31-Aug-23,Chop Value,Retail,Recycler of chopsticks and products,n.a.,BL,Personal Relationships,Immediate Pass,VC,No,  -   ,  -   ,,,,,,Aug,2023,,,,,,,,,,,,,,,,,,,,,
15-Aug-23,DWB Consulting Services,Business Services,"Multi-disciplinary consulting firm (environmental, forestry, etc.)",$6.0,AH,KPMG Corporate Finance (Winnipeg),Passed,Yes,No,  -   ,  -   ,,,,,,Aug,2023,,,,,,,,,,,,,,,,,,,,,
10-Aug-23,Bezdan Railling Solutions,Building Products,Interior and exterior railing systems and components,$1.2,TMH,Chinook Business Advisory,Passed,Bolt-on,No,  -   ,  -   ,,,,,,Aug,2023,,,,,,,,,,,,,,,,,,,,,
31-Jul-23,Rayacom,Business Services,Printing company,$2.3,KM,Personal Relationships,Passed,Yes,No,  -   ,  -   ,,,,,,Jul,2023,,,,,,,,,,,,,,,,,,,,,
27-Jul-23,Poppy Barley,Retail,Women's shoe retailer,$0.2,KM,Personal Relationships,Passed,VC,No,  -   ,  -   ,,,,,,Jul,2023,,,,,,,,,,,,,,,,,,,,,
12-Jul-23,EBSU Group,Building Products,Cabinet manufacturer,$4.5,KM,Grant Thornton LLP (Montreal),Passed,Yes,No,  -   ,  -   ,,,,,,Jul,2023,,,,,,,,,,,,,,,,,,,,,
6-Jul-23,Morgan Fuels,Transportation Services,Fuel distribution business,$8.5,KM,Grant Thornton LLP (Halifax),Passed,Yes,No,  -   ,  -   ,,,,,,Jul,2023,,,,,,,,,,,,,,,,,,,,,
29-Jun-23,Miska Trailer Factory,Transportation Products,Manufacturer and retailer of utility trailers,$8.5,BL,PwC (Toronto),Passed,No,No,  -   ,  -   ,,,,,,Jun,2023,,,,,,,,,,,,,,,,,,,,,
27-Jun-23,Network Entertainment,Other,"Documentary producer (sports and music), go private transaction",n.a.,KM,Personal Relationships,Passed,VC,No,  -   ,  -   ,,,,,,Jun,2023,,,,,,,,,,,,,,,,,,,,,
22-Jun-23,Westeck Window Manufacturing,Building Products,Manufactures windows and doors for custom homes and luxury townhouses,$8.6,AH,Transition Advisory Partners,Passed,Yes,No,  -   ,  -   ,,,,,,Jun,2023,,,,,,,,,,,,,,,,,,,,,
22-Jun-23,OMG,Retail,Manufacturer of chocolate confections,$1.6,AH,KPMG Corporate Finance (Winnipeg),Passed,Bolt-on,No,  -   ,  -   ,,,,,,Jun,2023,,,,,,,,,,,,,,,,,,,,,
21-Jun-23,Lonetrack,Wholesale,Distributor of heavy equipment serving the aggregate rock and mining industry,$4.2,BL,KPMG Corporate Finance (Vancouver),Passed,Yes,No,  -   ,  -   ,,,,,,Jun,2023,,,,,,,,,,,,,,,,,,,,,
16-Jun-23,Timber-Tech Truss Inc.,Building Products,Manufacturer of residential building components,$10.0,BL,MNP (Calgary),Passed,Yes,No,  -   ,  -   ,,,,,,Jun,2023,,,,,,,,,,,,,,,,,,,,,
16-Jun-23,Power Bill,Business Services,Cloud-based automated biling and settlement platform for utilities,$1.1,KM,Garibaldi Capital,Passed,No,No,  -   ,  -   ,,,,,,Jun,2023,,,,,,,,,,,,,,,,,,,,,
9-Jun-23,Radiant Health Inc.,Retail,"Designer, sub-contract manufacturer, and DTC retailer of infrared saunas",$2.2,AH,Relay Transition Partners,Passed,Bolt-on,No,  -   ,  -   ,,,,,,Jun,2023,,,,,,,,,,,,,,,,,,,,,
9-Jun-23,REV Engineering,Other,"Electrical manufacturing, engineering, and field services company",$11.1,BL,Sequeira Partners,Passed,No,Yes,  -   ,  -   ,,,,,,Jun,2023,,,,,,,,,,,,,,,,,,,,,
6-Jun-23,Structural Composite Technologies,Building Products,Fiberglass manufacturer,$1.9,AH,PwC (Edmonton),Passed,No,No,  -   ,  -   ,,,,,,Jun,2023,,,,,,,,,,,,,,,,,,,,,
2-Jun-23,Project Alloy,Industrial Products,Complex sand and investment castings,$2.6,BL,CIBC Mid-Market (Milwaukee),Immediate Pass,No,No,  -   ,  -   ,,,,,,Jun,2023,,,,,,,,,,,,,,,,,,,,,
2-Jun-23,Nossack Food Group,Other,Meat manufacturer,$4.0,BL,RBC Mid-Market M&A,Passed,Yes,No,  -   ,  -   ,,,,,,Jun,2023,,,,,,,,,,,,,,,,,,,,,
30-May-23,Base Metallurgical Laboratories,Business Services,Operator of metallurgical testing facilities,$6.5,BL,Grant Thornton LLP (Kelowna),Passed,Yes,No,  -   ,  -   ,,,,,,May,2023,,,,,,,,,,,,,,,,,,,,,
29-May-23,Poseidon Ocean Systems,Other,Fish farm equipment distributor and rental company,$6.0,KM,Personal Relationships,Passed,Yes,No,  -   ,  -   ,,,,,,May,2023,,,,,,,,,,,,,,,,,,,,,
29-May-23,Altea,Consumer Services,"serial health and wellness club operators, expansion financing",$4.1,KM,First West Capital,Passed,Yes,No,  -   ,  -   ,,,,,,May,2023,,,,,,,,,,,,,,,,,,,,,
18-May-23,Wendy Health,Healthcare,Pratice roll-up + SaaS platform for counseling/mental health professionals,$1.5,KM,Personal Relationships,Passed,No,No,  -   ,  -   ,,,,,,May,2023,,,,,,,,,,,,,,,,,,,,,
15-May-23,VMAC Global Technologies Inc.,Industrial Products,Designs/manufactures mobile air compressors incl for bus air brakes,$1.8,KM,Personal Relationships,Passed,No,No,  -   ,  -   ,,,,,,May,2023,,,,,,,,,,,,,,,,,,,,,
15-May-23,Enex Fuels,Transportation Services,Imperial Oil / Esso fuel and lubricants distributor,$6.5,KM,Personal Relationships,Completed,Yes,Yes,  -   ,6.0x,,,,,,May,2023,,,,,,,,,,,,,,,,,,,,,
26-May-23,Longview Communications,Business Services,Corporate communications and public affairs firm,$7.6,AH,Fort Capital,Passed,Yes,Yes,  -   ,  -   ,,,,,,May,2023,,,,,,,,,,,,,,,,,,,,,
25-May-23,Mosaic Veterinary Partners,Healthcare,Mixed animal veterinary consolidators,$3.0,KM,Ernst & Young (Calgary),Passed,Yes,Yes,  -   ,  -   ,,,,,,May,2023,,,,,,,,,,,,,,,,,,,,,
23-May-23,UpMeals,Other,Smart vending machines for fresh meals,n.a.,BL,Other,Passed,No,No,  -   ,  -   ,,,,,,May,2023,,,,,,,,,,,,,,,,,,,,,
17-May-23,Raven Roofing,Building Products,Installs roofing systems for new and existing buildings,$3.9,BL,Sequoia Mergers & Acquisitions Corp.,Passed,Yes,No,  -   ,  -   ,,,,,,May,2023,,,,,,,,,,,,,,,,,,,,,
15-May-23,Everything Wine,Retail,Specialty wine retailer in BC and Alberta,$2.0,AH,Personal Relationships,Passed,Yes,No,  -   ,  -   ,,,,,,May,2023,,,,,,,,,,,,,,,,,,,,,
11-May-23,Project Mandy,Industrial Products,HVAC manufacturer and distributor based in ON,$4.0,BL,CIBC Mid-Market (Toronto),Passed,No,No,  -   ,  -   ,,,,,,May,2023,,,,,,,,,,,,,,,,,,,,,
11-May-23,Project Spritz,Industrial Products,Designer and manufacturer of industrial cleaning solutions,$4.4,KM,BDO Canada LLP,Immediate Pass,Yes,No,  -   ,  -   ,,,,,,May,2023,,,,,,,,,,,,,,,,,,,,,
26-Apr-23,Project North Star,Building Products,Heavy construction contractor operating in Western and Northern Canada,$8.0,TMH,Raymond James,Immediate Pass,No,No,  -   ,  -   ,,,,,,Apr,2023,,,,,,,,,,,,,,,,,,,,,
13-Apr-23,JayCo Builders,Building Products,"Contractor specializing in commercial, industrial, and residential construction",$4.4,TMH,Grant Thornton LLP (Calgary),Passed,Yes,No,  -   ,  -   ,,,,,,Apr,2023,,,,,,,,,,,,,,,,,,,,,
12-Apr-23,Westcore Logistics,Business Services,Third-party logistics solutions,$10.0,AH,Ernst & Young (Vancouver),Passed,Yes,No,  -   ,  -   ,,,,,,Apr,2023,,,,,,,,,,,,,,,,,,,,,
12-Apr-23,Site Preparation Service Provider,Business Services,"Site preparation services for geological formations, wide-ranging terrains, and remote areas",$15.7,BL,MNP (Calgary),Immediate Pass,No,No,  -   ,  -   ,,,,,,Apr,2023,,,,,,,,,,,,,,,,,,,,,
5-Apr-23,Ridgeway Mechanical,Building Products,"Commercial mechanical contractor specializing in HVAC, plumbing, sprinklers, and other mechanical services",$2.8,BL,Sequoia Mergers & Acquisitions Corp.,Passed,No,No,  -   ,  -   ,,,,,,Apr,2023,,,,,,,,,,,,,,,,,,,,,
5-Apr-23,Kepler Academy,Consumer Services,Provider of childcare and early learning in Canada,$4.5,KM,Deloitte Corporate Finance,Deal Lost,Yes,Yes,  -   ,6.5x,,,,,,Apr,2023,,,,,,,,,,,,,,,,,,,,,
5-Apr-23,Coastal Pacific Xpress,Transportation Services,Supply chain company focused on refrigerated transportation solutoins,$10.0,KM,CIBC Mid-Market (Vancouver),Passed,No,Yes,  -   ,  -   ,,,,,,Apr,2023,,,,,,,,,,,,,,,,,,,,,
31-Mar-23,Project Hermes,Transportation Services,Asset-light less than truck load (LTL) carrier,$6.2,AH,National Bank (Toronto),Immediate Pass,No,No,  -   ,  -   ,,,,,,Mar,2023,,,,,,,,,,,,,,,,,,,,,
30-Mar-23,Cedar Grove Building Products Ltd.,Building Products,Building supplies distributor,$3.0,KM,Baker Tilly (Vancouver),Passed,Yes,No,  -   ,  -   ,,,,,,Mar,2023,,,,,,,,,,,,,,,,,,,,,
28-Mar-23,LOGE Camps Canada,Consumer Services,Hospitality group focused on outdoor adventure and community,n.a.,AH,Fasken,Passed,VC,No,  -   ,  -   ,,,,,,Mar,2023,,,,,,,,,,,,,,,,,,,,,
28-Mar-23,Custom Paper,Other,Paper products manufacturer,$1.5,KM,Sequoia Mergers & Acquisitions Corp.,Passed,No,No,  -   ,  -   ,,,,,,Mar,2023,,,,,,,,,,,,,,,,,,,,,
23-Mar-23,AGM,Building Products,Provider of insulated glass units for residential and commercial buildings,$2.8,BL,Grant Thornton LLP (Calgary),Passed,Yes,No,  -   ,  -   ,,,,,,Mar,2023,,,,,,,,,,,,,,,,,,,,,
22-Mar-23,Moore's Industrial,Industrial Products,"Hard chrome, sulfamate nickel and tungsten carbide HVOF and HVAF industrial coatings, AB-based",$10.4,KM,Generational Equity,Passed,No,No,  -   ,  -   ,,,,,,Mar,2023,,,,,,,,,,,,,,,,,,,,,
21-Mar-23,IST (HD Golf),Other,Designer and manufacturer of golf and other sport simulators,$4.8,AH,PwC (Toronto),Passed,No,No,  -   ,  -   ,,,,,,Mar,2023,,,,,,,,,,,,,,,,,,,,,
20-Mar-23,RWC Systems Inc,Building Products,Contractor specializing in the design and construction of steel stud wall assemblies and complex ceiling sytems,$6.6,KM,Capital West Partners,Passed,Yes,Yes,  -   ,  -   ,,,,,,Mar,2023,,,,,,,,,,,,,,,,,,,,,
14-Mar-23,WPIC,Business Services,E-commerce enablement and acceleration solution provider,$5.3,AH,KPMG Corporate Finance (Vancouver),Passed,Yes,Yes,  -   ,  -   ,,,,,,Mar,2023,,,,,,,,,,,,,,,,,,,,,
13-Mar-23,Inland Glass,Building Products,Manufactures and installs aluminum curtainwalls,$5.9,KM,ACS Capital,Passed,Yes,No,  -   ,  -   ,,,,,,Mar,2023,,,,,,,,,,,,,,,,,,,,,
10-Mar-23,Project Mosaic,Other,Manufactures recycled rubber flooring,$3.3,KM,PwC (Vancouver),Immediate Pass,Yes,No,  -   ,  -   ,,,,,,Mar,2023,,,,,,,,,,,,,,,,,,,,,
7-Mar-23,Prompt Financial Services,Business Services,Alternative mortgage lender,$6.3,KM,PwC (Vancouver),Passed,No,No,  -   ,  -   ,,,,,,Mar,2023,,,,,,,,,,,,,,,,,,,,,
7-Mar-23,PWM Loss Prevention Services,Business Services,"Security and loss prevention services for workplaces, commercial and residential buildings, and events",n.a.,KM,Grant Thornton LLP (Restructuring),Immediate Pass,Restructure,No,  -   ,  -   ,,,,,,Mar,2023,,,,,,,,,,,,,,,,,,,,,
28-Feb-23,Chapel Hats,Retail,Multi-store specialty fashion accessory retailer,$2.3,KM,Sequeira Partners,Immediate Pass,Yes,No,  -   ,  -   ,,,,,,Feb,2023,,,,,,,,,,,,,,,,,,,,,
28-Feb-23,Sylvis,Business Services,Preeminent environmental consulting & contracting company,$1.7,AH,Sequoia Mergers & Acquisitions Corp.,Passed,No,Yes,  -   ,  -   ,,,,,,Feb,2023,,,,,,,,,,,,,,,,,,,,,
28-Feb-23,Evolution Group,Transportation Services,Full-service third-party logistics provider,$4.0,BL,MNP (Vancouver),Passed,Yes,Yes,  -   ,  -   ,,,,,,Feb,2023,,,,,,,,,,,,,,,,,,,,,
27-Feb-23,BBE Expediting,Transportation Services,Asset-light supply chain service providers,$4.5,KM,Sequeira Partners,Passed,Yes,Yes,  -   ,  -   ,,,,,,Feb,2023,,,,,,,,,,,,,,,,,,,,,
16-Feb-23,Marimar Holdings Ltd.,Building Products,Operator of five Home Hardware banner stores across Western Canada,$11.0,BL,Grant Thornton LLP (Victoria),Passed,Bolt-on,No,  -   ,  -   ,,,,,,Feb,2023,,,,,,,,,,,,,,,,,,,,,
16-Feb-23,Jacknife Oilfield Services,Transportation Services,Fluid transportation provider focusing on heavy crude and oilfield hauling,$8.8,KM,KPMG Corporate Finance (Calgary),Passed,Yes,Yes,  -   ,  -   ,,,,,,Feb,2023,,,,,,,,,,,,,,,,,,,,,
15-Feb-23,Amix Marine Group,Transportation Services,"Marine transportation business: provides barge, towing, crane, construction, and support services",$5.0,BL,KPMG Corporate Finance (Vancouver),Passed,Yes,No,  -   ,  -   ,,,,,,Feb,2023,,,,,,,,,,,,,,,,,,,,,
7-Feb-23,Harvest,Transportation Services,Food Equipment Distribution Company,$0.9,KM,Pacific Mergers & Acquisitions,Immediate Pass,No,No,  -   ,  -   ,,,,,,Feb,2023,,,,,,,,,,,,,,,,,,,,,
31-Jan-23,Theory and Practice (TAP),Business Services,Data science software / data analysis + AI for financial services and retail industries,n.a.,KM,Fasken,Passed,VC,No,  -   ,  -   ,,,,,,Jan,2023,,,,,,,,,,,,,,,,,,,,,
23-Jan-23,Noel Asmar Uniforms,Other,Manufacturer of scrubs & uniforms in healthcare & spa/wellness space,n.a.,AH,Personal Relationships,Passed,VC,No,  -   ,  -   ,,,,,,Jan,2023,,,,,,,,,,,,,,,,,,,,,
23-Jan-23,Project Lumber,Building Products,B2B building material distribution in AB,$4.2,KM,Assurgo Enterprises,Passed,Yes,No,  -   ,  -   ,,,,,,Jan,2023,,,,,,,,,,,,,,,,,,,,,
20-Jan-23,Aplin,Business Services,Canada-wide staffing & recruiting agency ,n.a.,AH,KGP Website,Passed,No,Yes,  -   ,  -   ,,,,,,Jan,2023,,,,,,,,,,,,,,,,,,,,,
19-Jan-23,Project Ponderosa / Reliance Foundry ,Business Services,"Distributor of perimiter security, hardscape and site furnishing products (i.e. bollards & bike racks)",$2.0,AH,Fidus Partners,Passed,Yes,No,  -   ,  -   ,,,,,,Jan,2023,,,,,,,,,,,,,,,,,,,,,
18-Jan-23,R-Tec Towers Ltd.,Electronics,Well-established cell phone tower erection and service company (MB and Western ON),$1.6,KM,Pacific Mergers & Acquisitions,Passed,No,No,  -   ,  -   ,,,,,,Jan,2023,,,,,,,,,,,,,,,,,,,,,
13/Jan/23,Project Storm (Galaxy Plastics),Industrial Products,PVC fittings and corrosion prevention products manufacturer,$7.8 ,KM,KPMG Corporate Finance (Vancouver),Passed,Yes,Yes,4.8x-5.2x,  -   ,,,,,,Jan,2023,,,,,,,,,,,,,,,,,,,,,
10/Jan/23,Wamame,Retail,First premium plant-based products on par with AAA and Asian Wagyu beef,n.a.,TMH/KM,Other,Immediate Pass,VC,No,  -   ,  -   ,,,,,,Jan,2023,,,,,,,,,,,,,,,,,,,,,
9/Jan/23,Feastify,Consumer Services,Rural version of Uber Eats / Door Dash,n.a.,KM,Other,Passed,VC,No,  -   ,  -   ,,,,,,Jan,2023,,,,,,,,,,,,,,,,,,,,,
9/Jan/23,Fraser Valley Cataract & Laser,Healthcare,Laser eye surgery clinic roll-up strategy ,$2.4 ,AH,Lawrence & Co,Passed,Yes,No,  -   ,  -   ,,,,,,Jan,2023,,,,,,,,,,,,,,,,,,,,,
3/Jan/23,Project Coll,Transportation Products,Ontario-based recreational and commercial trailer dealership,$2.2 ,,Shaughnessy Group,Immediate Pass,No,No,  -   ,  -   ,,,,,,Jan,2023,,,,,,,,,,,,,,,,,,,,,
4/Jan/23,headphones.com,Electronics,D2C online retailer of curated selection of headphones,n.a.,KM,Lark Street Capital,Passed,No,No,  -   ,  -   ,,,,,,Jan,2023,,,,,,,,,,,,,,,,,,,,,
4/Jan/23,VANCOBC002-N544,Retail,Lucrative Hot Tubs & Backyard goods dealership,$0.5 ,,Pacific Mergers & Acquisitions,Passed,Bolt-on,No,  -   ,  -   ,,,,,,Jan,2023,,,,,,,,,,,,,,,,,,,,,
13-Dec-22,AmbiMi/Impact Recuitment,,Impact to acquire recruitment platform for lower end businesses,$4.2 ,,Lark Street Capital,Immediate Pass,Yes,,,,,,,,,Dec,2022,,,,,,,,,,,,,,,,,,,,,
14-Dec-22,Flipside XR,,"MB-based SaaS, virtual production platform and creator tools for characters and avatars",n.a.,,RBC Mid-Market M&A,Immediate Pass,VC,,,,,,,,,Dec,2022,,,,,,,,,,,,,,,,,,,,,
09-Dec-22,Project Spruce,,"BC-based silviculture company, KPMG bringing to market in Jan 23",$4.0 ,,KPMG Corporate Finance (Vancouver),Passed,Yes,,,,,,,,,Dec,2022,,,,,,,,,,,,,,,,,,,,,
15-Dec-22,Leone Fence Co. Ltd.,,"Mississauga-based mfter, dist, installer of metal and wood fencing (Vista?), 51% owned by Ardenton",$9.0 ,KM,TD Commercial Banking,Passed,Bolt-on,,,,,,,,,Dec,2022,,,,,,,,,,,,,,,,,,,,,
08-Dec-22,Food Equipment Distributor,,,$0.9 ,,Pacific Mergers & Acquisitions,Immediate Pass,No,,,,,,,,,Dec,2022,,,,,,,,,,,,,,,,,,,,,
28/Nov/22,Project Pixel,,Value added reseller of software and hardware in the digital & media entertainment space,$1.3 ,,Baker Tilly (Vancouver),Passed,No,,,,,,,,,Nov,2022,,,,,,,,,,,,,,,,,,,,,
14/Nov/22,Project Bronco,,"Industrial supply & rental company serving industrial, civil and pipeline industries",$30.5 ,,MNP (Vancouver),Immediate Pass,No,,,,,,,,,Nov,2022,,,,,,,,,,,,,,,,,,,,,
13/Nov/22,Project Ice / Diamond Ice Systems,,HVAC & commercial food equipment distributor,$1.3 ,,MNP (Vancouver),Passed,No,,,,,,,,,Nov,2022,,,,,,,,,,,,,,,,,,,,,
15/Nov/22,Project Steel / AAA Rebar,,"Supplies, fabricates and installs reinforcing steel products for commercial, institutional and residential development in Saanichton BC",$2.3 ,,MNP (Vancouver),Passed,Yes,,,,,,,,,Nov,2022,,,,,,,,,,,,,,,,,,,,,
15/Nov/22,Project Dogwood / Coquitlam College,,"private post-secondary institution, degree granting",$19,,KPMG Corporate Finance (Vancouver),Passed,No,,,,,,,,,Nov,2022,,,,,,,,,,,,,,,,,,,,,
8/Nov/22,Project Melt,,Ontario cheese / mozzarella processor,$3.7 ,,Baker Tilly (Toronto),Immediate Pass,No,,,,,,,,,Nov,2022,,,,,,,,,,,,,,,,,,,,,
2/Nov/22,Project Armour / BRT Structures,,"Blast resistant strctures sold and rented in Alberta, Saskatchewan",$7.5 ,,RBC Mid-Market M&A,Passed,Yes,,,,,,,,,Nov,2022,,,,,,,,,,,,,,,,,,,,,
31/Oct/22,Project Frame / Western Medical Canada,,Medical clinic contractor and equipment installation,$2.5 ,,KPMG Corporate Finance (Vancouver),Passed,Yes,,,,,,,,,Oct,2022,,,,,,,,,,,,,,,,,,,,,
31/Oct/22,Project Bluebird / Mike Wiegele Helicopter Skiing,,Heli-ski operator,$6.0 ,,KPMG Corporate Finance (Vancouver),Passed,Yes,,,,,,,,,Oct,2022,,,,,,,,,,,,,,,,,,,,,
24/Oct/22,Project Hydros / White Water Management Ltd. ,,Fluid management ,$13.7 ,,Ernst & Young (Vancouver),Passed,No,,,,,,,,,Oct,2022,,,,,,,,,,,,,,,,,,,,,
21/Oct/22,TWC Nutrition,,manufacturer of natural health products and nutrition supplements (protein powders),n.a.,,,Passed,VC,,,,,,,,,Oct,2022,,,,,,,,,,,,,,,,,,,,,
21/Oct/22,Tiber River,,"manufacturer and distributor of natural personal care products, based in MB",n.a.,,,Immediate Pass,VC,,,,,,,,,Oct,2022,,,,,,,,,,,,,,,,,,,,,
31/Oct/22,Project Opportunity / Adanac Recovery,,Bottle and recycling depot in Victoria BC,$2.5 ,,Relay Transition Partners,Immediate Pass,Yes,,,,,,,,,Oct,2022,,,,,,,,,,,,,,,,,,,,,
31/Oct/22,Lynx Fences,,Fence manufacturer in AB,$7.0 ,,MNP (Calgary),Passed,Yes,,,,,,,,,Oct,2022,,,,,,,,,,,,,,,,,,,,,
1/Oct/22,Coho Commissary,,"multi-location centralized kitchens for food brands and ghost kitchens, pubco",n.a.,,,Immediate Pass,VC,,,,,,,,,Oct,2022,,,,,,,,,,,,,,,,,,,,,
21/Oct/22,Mint Tiny Homes,,manufacturer of mini trailer homes,$1.2 ,,,Passed,No,,,,,,,,,Oct,2022,,,,,,,,,,,,,,,,,,,,,
15/Oct/22,Project Tarmac,,"Asphalt production, paving, gravel extraction",$11.0 ,,RG Strategic Advisors,Immediate Pass,No,,,,,,,,,Oct,2022,,,,,,,,,,,,,,,,,,,,,
1/Oct/22,ON2 and Seymour Medical,,oxygen generation systems and medical clinic roll-up,$2.0 ,,YPO,Passed,Yes,,,,,,,,,Oct,2022,,,,,,,,,,,,,,,,,,,,,
1/Oct/22,Organika,,natural supplements manufacturer and distributor,$11.0 ,,YPO,Passed,No,,,,,,,,,Oct,2022,,,,,,,,,,,,,,,,,,,,,
11/Oct/22,Project Rock,,Stone countertop manufactuerer,$4.6 ,,National Bank,Immediate Pass,Yes,,,,,,,,,Oct,2022,,,,,,,,,,,,,,,,,,,,,
1/Oct/22,Wrkout,,,n.a.,,YPO,Completed,VC,,,,,,,,,Oct,2022,,,,,,,,,,,,,,,,,,,,,
30/Sep/22,Project Sirius / Welco Lumber Group,,Wholesaler and trader of building supplies,$9.5 ,,Smythe LLP,Passed,No,,,,,,,,,Sep,2022,,,,,,,,,,,,,,,,,,,,,
15/Sep/22,Project Laser / Hansen Industries Ltd. ,,Manufacturer of precision sheet metal & machined components,$8.8 ,,Capital West Partners,Passed,Yes,,,,,,,,,Sep,2022,,,,,,,,,,,,,,,,,,,,,
1/Sep/22,Stonz,,,n.a.,TMH/KM,Other,Completed,VC,,,,,,,,,Sep,2022,,,,,,,,,,,,,,,,,,,,,
28/Oct/22,Lodestar,,data warehousing and BI for credit unions,$1.8 ,,Garibaldi Capital,Passed,No,,,,,,,,,Oct,2022,,,,,,,,,,,,,,,,,,,,,
30/Oct/22,Fleurs de Villes,,,n.a.,,Praveen Varshney,Passed,VC,,,,,,,,,Oct,2022,,,,,,,,,,,,,,,,,,,,,
31/Jan/22,Project Xpert,, ,$9.6 ,,KPMG Corporate Finance (Vancouver),Passed,No,,,,,,,,,Jan,2022,,,,,,,,,,,,,,,,,,,,,
31/Dec/21,Scarlet Security Services,,Northern BC security services,$4.0 ,,MNP (Vancouver),Passed,Yes,,,,,,,,,Dec,2021,,,,,,,,,,,,,,,,,,,,,
30/Nov/21,Purebread,,Retailer and manufacturer of baked goods,$1.0 ,,CIBC Mid-Market (Vancouver),Passed,No,,,,,,,,,Nov,2021,,,,,,,,,,,,,,,,,,,,,
30/Nov/21,The Fishin' Hole,,Fishing equipment and supplies,$2.2 ,,Grant Thornton LLP (Victoria),Passed,Yes,,,,,,,,,Nov,2021,,,,,,,,,,,,,,,,,,,,,
30/Nov/21,TruEarth,,Eco-friendly laundry detergent and household products,$0.0 ,,KPMG Corporate Finance (Vancouver),Passed,No,,,,,,,,,Nov,2021,,,,,,,,,,,,,,,,,,,,,
30/Nov/21,BBQ's Galore,,BBQ retailer,$3.5 ,,,Passed,Yes,,,,,,,,,Nov,2021,,,,,,,,,,,,,,,,,,,,,
31/Oct/21,Project Kokanee / EcoFish,,Environmental services company focused in the water space,$4.7 ,,Sequoia Mergers & Acquisitions Corp.,Passed,Yes,,,,,,,,,Oct,2021,,,,,,,,,,,,,,,,,,,,,
24/Aug/21,Project Sunshine,,Online cloud based software for students to find perfect universities ,TBD,,PwC (Toronto),Passed,VC,,,,,,,,,Aug,2021,,,,,,,,,,,,,,,,,,,,,
15/Aug/21,Porject Panda / BWC & Jericho ,,Merger of two local wellness centers ,$0.1 ,,,Passed,VC,,,,,,,,,Aug,2021,,,,,,,,,,,,,,,,,,,,,
10/Aug/21,Project Oak / Heartwood,,Manufacture and distributor of high end office furniture ,$4.5 ,,MNP (Vancouver),Passed,Yes,,,,,,,,,Aug,2021,,,,,,,,,,,,,,,,,,,,,
15/Jul/21,Project Rodeo / Hi-Hog ,,Livestock equipment manufacturer,$1.0 ,,BDO Canada LLP,Immediate Pass,No,,,,,,,,,Jul,2021,,,,,,,,,,,,,,,,,,,,,
12/Jul/21,Project Trojan Horse / Coast to Coast Experience,,Local tour bus operator,$2.0 ,,KPMG Corporate Finance (Vancouver),Passed,Yes,,,,,,,,,Jul,2021,,,,,,,,,,,,,,,,,,,,,
7/Jul/21,Project Grow / Bellpark Solutions Inc.,,Horticulture equipment dealer and services,$2.0 ,,MNP (Vancouver),Passed,Yes,,,,,,,,,Jul,2021,,,,,,,,,,,,,,,,,,,,,
4/Jul/21,Project Purple / Westeck Windows,,Residential window manufacturer and distributor,$2.0 ,,Transition Advisory Partners,Passed,Yes,,,,,,,,,Jul,2021,,,,,,,,,,,,,,,,,,,,,
17/Jun/21,Project Fresh / Earth's Own,,Oat milk manufacturer (carve-out),$3.0 ,,CIBC Mid-Market (Vancouver),Immediate Pass,Yes,,,,,,,,,Jun,2021,,,,,,,,,,,,,,,,,,,,,
26/May/21,Project Shield / IFR,,Fire-resistant clothing manufacturer and distributor,$2.5 ,,MNP (Edmonton),Deal Lost,Yes,,,,,,,,,May,2021,,,,,,,,,,,,,,,,,,,,,
25/May/21,Bursting Silver,,Software implementator for non-profit sectors,$6.0 ,,MNP (Calgary),Immediate Pass,Yes,,,,,,,,,May,2021,,,,,,,,,,,,,,,,,,,,,
18/May/21,Pacific West Mechanical,,Condominium mechanical contracting services,$2.0 ,,Renaissance M&A,Immediate Pass,Yes,,,,,,,,,May,2021,,,,,,,,,,,,,,,,,,,,,
13/May/21,Project Marquee / Atlas Sign and Awning,,Designer and manufacturer of signs and awnings,$1.8 ,,MNP (Vancouver),Immediate Pass,No,,,,,,,,,May,2021,,,,,,,,,,,,,,,,,,,,,
7/Apr/21,Project Thunderbolt / Mazzei Electric,,Electrical contracting services,$2.0 ,,Renaissance M&A,Immediate Pass,Yes,,,,,,,,,Apr,2021,,,,,,,,,,,,,,,,,,,,,
10/Mar/21,Project Equinox / ATS Services,,Aviation communication services and meteorological observations,$4.0 ,,KPMG Corporate Finance (Vancouver),Immediate Pass,Yes,,,,,,,,,Mar,2021,,,,,,,,,,,,,,,,,,,,,
8/Feb/21,Project Candlelight / Outland Living,,"Manufacturer and marketer of fire bowls, fire tables and other outdoor living products",$8.5 ,,RBC Mid-Market M&A,Immediate Pass,Yes,,,,,,,,,Feb,2021,,,,,,,,,,,,,,,,,,,,,
8/Feb/21,Project Denali / Dumur Industries / Dellcom Aerospace,,Manufacturer of machine parts and assemblies for defense and aerospace OEMs,$6.4 ,,KPMG Corporate Finance (Vancouver),Immediate Pass,Yes,,,,,,,,,Feb,2021,,,,,,,,,,,,,,,,,,,,,
1/Oct/20,Project Keystone / The Shareholder's Group,,3 separate wood product busineses HQ'd in Washington state,$3.9 ,,MNP (Vancouver),Immediate Pass,No,,,,,,,,,Oct,2020,,,,,,,,,,,,,,,,,,,,,
1/Oct/20,Project San Diego / SDM Realty,,"Property management services for commercial properties in BC, AB",$1.6 ,,CCC Investment Banking,Immediate Pass,No,,,,,,,,,Oct,2020,,,,,,,,,,,,,,,,,,,,,
15/Sep/20,Kintec,,"Retailer and manufacturer of orthotics, and provider of clinic management software",$2.8 ,,NAI,Deal Lost,Yes,,,,,,,,,Sep,2020,,,,,,,,,,,,,,,,,,,,,
15/Sep/20,WA Grain (Carve out),,Carve out of a manufacturer of pulses and ag. trader,$2.2 ,,,Immediate Pass,Yes,,,,,,,,,Sep,2020,,,,,,,,,,,,,,,,,,,,,
24/Aug/20,Project Zinc / Trenton Distributors Ltd.,,Telecom distributor,$1.5 ,,KPMG Corporate Finance (Vancouver),Immediate Pass,No,,,,,,,,,Aug,2020,,,,,,,,,,,,,,,,,,,,,
23/Apr/20,TBA Beverages,,Craft beer brewer and contract brewer,$0.0 ,,The Bowra Group,Immediate Pass,VC,,,,,,,,,Apr,2020,,,,,,,,,,,,,,,,,,,,,
23/Apr/20,Project Gadget / The Surveillance Shop,,Commercial security integrator,$1.3 ,,Ernst & Young (Vancouver),Immediate Pass,No,,,,,,,,,Apr,2020,,,,,,,,,,,,,,,,,,,,,
15/Apr/20,Burgess Cawley Sullivan,,Real estate appraisal service,$1.9 ,,CCC Investment Banking,Immediate Pass,No,,,,,,,,,Apr,2020,,,,,,,,,,,,,,,,,,,,,
15/Apr/20,Bulldog Bag,,Manufacturer of custom packaging products,$2.6 ,,Renaissance M&A,Immediate Pass,Yes,,,,,,,,,Apr,2020,,,,,,,,,,,,,,,,,,,,,
15/Apr/20,Bone + Biscuit,,Franchisor of boutique pet stores,$3.0 ,,Deloitte Corporate Finance,Deal Lost,Yes,,,,,,,,,Apr,2020,,,,,,,,,,,,,,,,,,,,,
30/Mar/20,More Than Just Feed,,Dairy and cattle feed provider,$4.5 ,,MNP (Calgary),Immediate Pass,Yes,,,,,,,,,Mar,2020,,,,,,,,,,,,,,,,,,,,,
20/Mar/20,Project Jump / Smash + Tess,,Manufacturer of womens wear (i.e. rompers / jumpers),$4.4 ,,CIBC Mid-Market (Vancouver),Immediate Pass,Yes,,,,,,,,,Mar,2020,,,,,,,,,,,,,,,,,,,,,
20/Feb/20,Project Supplements / Prime Health Ltd.,,"Contract manufacturer of nutrient supplements (i.e. omega 3, vitamins, etc.)",$2.6 ,,Tully & Holland,Immediate Pass,Yes,,,,,,,,,Feb,2020,,,,,,,,,,,,,,,,,,,,,
27/Jan/20,CoreHealth Technologies,,"Employee well-being, productivity & engagement software ",$0.4 ,,David Raffa,Immediate Pass,VC,,,,,,,,,Jan,2020,,,,,,,,,,,,,,,,,,,,,
19/Nov/19,Project Mix / Fraserway Prekast / Vancouver Ready Mix,,Fraser Valley-based precast manufacturer and ready mix provider,$2.0 ,,Capital West Partners,Passed,Yes,,,,,,,,,Nov,2019,,,,,,,,,,,,,,,,,,,,,
18/Nov/19,Project Atlantida / Campo Equipment Co. Ltd.,,North American manufacturer of industrial portable HVAC equipment servicing the rental equipment sector,$6.5 ,,KPMG Corporate Finance (Vancouver),Passed,Yes,,,,,,,,,Nov,2019,,,,,,,,,,,,,,,,,,,,,
15/Nov/19,Nautilus Environmental Labs,,Environmental testing laboratory,$1.7 ,,Geneva M&A,Deal Lost,No,,,,,,,,,Nov,2019,,,,,,,,,,,,,,,,,,,,,
13/Nov/19,Project Frontier,,Branded oil and lubricants manufacturer and distributor,$5.9 ,,Deloitte Corporate Finance,Passed,Yes,,,,,,,,,Nov,2019,,,,,,,,,,,,,,,,,,,,,
8/Nov/19,Project Baker,,Baked goods manufacturer,$2.9 ,,Duff & Phelps,Passed,Yes,,,,,,,,,Nov,2019,,,,,,,,,,,,,,,,,,,,,
8/Nov/19,Project Iris / Ideon Packaging,,Paper packaging manufacturer,$3.8 ,,KPMG Corporate Finance (Vancouver),Passed,Yes,,,,,,,,,Nov,2019,,,,,,,,,,,,,,,,,,,,,
8/Nov/19,Project Daebak,,Beauty products distributor,$5.0 ,,Duff & Phelps,Immediate Pass,Yes,,,,,,,,,Nov,2019,,,,,,,,,,,,,,,,,,,,,
16/Oct/19,Pentco Industries Inc.,,Cabinetry manufacturer,$3.0 ,,Renaissance M&A,Passed,Yes,,,,,,,,,Oct,2019,,,,,,,,,,,,,,,,,,,,,
7/Oct/19,Project Scholar,,Cannabis manufacturing and lab work,n.a.,,Duff & Phelps,Immediate Pass,VC,,,,,,,,,Oct,2019,,,,,,,,,,,,,,,,,,,,,
3/Oct/19,The Rush Group,,Earthwork and ground improvement services,$4.5 ,,Sequoia Mergers & Acquisitions Corp.,Passed,Yes,,,,,,,,,Oct,2019,,,,,,,,,,,,,,,,,,,,,
3/Oct/19,Project ICEPIK / Kennedy Industries (SCG Add-On),,"Distribution, repair and servicing of pumps",$13.3 ,,Other,Passed,No,,,,,,,,,Oct,2019,,,,,,,,,,,,,,,,,,,,,
30/Sep/19,Project Nova / CYC Design Group,,"Athletic and high-end casual apparel (Reigning Champ, Wings & Horns)",$1.9 ,,RBC Mid-Market M&A,Passed,No,,,,,,,,,Sep,2019,,,,,,,,,,,,,,,,,,,,,
6/Sep/19,Project Zoe / Alive Publishing Group,,Health & wellness focused media,$1.8 ,,Fort Capital,Passed,No,,,,,,,,,Sep,2019,,,,,,,,,,,,,,,,,,,,,
3/Sep/19,Project Carrier / Jump.ca,,Telecommunications retailer,$4.9 ,,Duff & Phelps,Passed,Yes,,,,,,,,,Sep,2019,,,,,,,,,,,,,,,,,,,,,
3/Sep/19,Project Sonic / Trinity Power,,Equipment rental of temporary power products,$3.3 ,,RBC Mid-Market M&A,Passed,Yes,,,,,,,,,Sep,2019,,,,,,,,,,,,,,,,,,,,,
25/Jul/19,Left Travel  / Left Technologies Inc. ,,Online platform matching travelers with available properties,$1.5 ,,Private (no broker),Passed,No,,,,,,,,,Jul,2019,,,,,,,,,,,,,,,,,,,,,
20/Jul/19,Project Eco / Engineered Plastic Systems,,"Manufactures mineral filled, high density polyethlene boards ",$2.3 ,,SLATE Partners,Passed,Yes,,,,,,,,,Jul,2019,,,,,,,,,,,,,,,,,,,,,
13/Jul/19,Project Trailblazer / Pioneer Offroad Holdings,,Speciality equipment rental ,$4.9 ,,Craft Partners,Passed,,,,,,,,,,Jul,2019,,,,,,,,,,,,,,,,,,,,,
12/Jul/19,Project Pasture / Beretta,,Vertically integrated producer/processor of branded animal protein products,$0.0 ,,KPMG Corporate Finance (Vancouver),Passed,,,,,,,,,,Jul,2019,,,,,,,,,,,,,,,,,,,,,
6/Jun/19,Project Fraser / Glass World,,Bathroom glass / products for multi-family developments,$5.1 ,,Fort Capital,Passed,,,,,,,,,,Jun,2019,,,,,,,,,,,,,,,,,,,,,
29/May/19,Project Payload / Advance Engineered Products,,Class 8 trailer manufacturer and servicer,$4.3 ,,CIBC Mid-Market (Toronto),Passed,,,,,,,,,,May,2019,,,,,,,,,,,,,,,,,,,,,
29/May/19,Project Aluminum / Railcraft ,,Manufacturer of commercial-use aluminum railings ,$4.2 ,,MNP (Vancouver),Passed,,,,,,,,,,May,2019,,,,,,,,,,,,,,,,,,,,,
23/May/19,Project Voyager,,Countertop fabricator & architectural millwork manufacturer,$2.2 ,,MNP (Vancouver),Passed,,,,,,,,,,May,2019,,,,,,,,,,,,,,,,,,,,,
23/May/19,Project Zinc,,Metal fabrication business,$2.5 ,,BDO Canada LLP,Immediate Pass,,,,,,,,,,May,2019,,,,,,,,,,,,,,,,,,,,,
15/May/19,Project Vista / Ampco Holdings Inc.,,"Custom manufacturer, industrial components, graphics & signage",$3.5 ,,Grant Thornton LLP,Passed,,,,,,,,,,May,2019,,,,,,,,,,,,,,,,,,,,,
27/Mar/19,Project Veg,,Produce wholesaler and processor,$2.5 ,,KPMG Corporate Finance (Vancouver),Passed,,,,,,,,,,Mar,2019,,,,,,,,,,,,,,,,,,,,,
4/Feb/19,Project Cyclone,,Environmental and geotechnical drilling services,$2.5 ,,Sequeira Partners,Passed,,,,,,,,,,Feb,2019,,,,,,,,,,,,,,,,,,,,,
24/Jan/19,Left Coast Naturals,,Natural food distributor,$2.2 ,,Peter Day & Associates,Passed,,,,,,,,,,Jan,2019,,,,,,,,,,,,,,,,,,,,,
7/Jan/19,Project Rain,,Hydrolic and simulation analytics software,$0.0 ,,Deloitte Corporate Finance,Immediate Pass,,,,,,,,,,Jan,2019,,,,,,,,,,,,,,,,,,,,,
2/Jan/19,Project Harvest / Portofino European Bakery,,Wholesale bakery,$1.7 ,,KPMG Corporate Finance (Vancouver),Passed,,,,,,,,,,Jan,2019,,,,,,,,,,,,,,,,,,,,,
17/Dec/18,Project Rock,,Manufacturer and distributor of rock crushing equipment,$4.7 ,,Capital West Partners,Passed,,,,,,,,,,Dec,2018,,,,,,,,,,,,,,,,,,,,,
13/Dec/18,Project Homer,,Industrial truck & trailer dealership group,$6.0 ,,CIBC Mid-Market (Vancouver),Immediate Pass,,,,,,,,,,Dec,2018,,,,,,,,,,,,,,,,,,,,,
4/Dec/18,Project Cup,,Cabinetry manufactuerer,$5.8 ,,MNP (Vancouver),Immediate Pass,,,,,,,,,,Dec,2018,,,,,,,,,,,,,,,,,,,,,
23/Nov/18,WA-2!,,Coffee and office supplies,$0.0 ,,Private (no broker),Passed,,,,,,,,,,Nov,2018,,,,,,,,,,,,,,,,,,,,,
23/Nov/18,Project White Coat,,Specialty telecomunications device manufacturer,$0.0 ,,Deloitte Corporate Finance,Immediate Pass,,,,,,,,,,Nov,2018,,,,,,,,,,,,,,,,,,,,,
9/Oct/18,Project Able / True North Disability Services,,Disability tax credit processor,$2.9 ,,CCC Investment Banking,Passed,,,,,,,,,,Oct,2018,,,,,,,,,,,,,,,,,,,,,
5/Oct/18,Project Grow / K&C Silviculture Ltd. ,,Container seedling nursery,$3.0 ,,KPMG Corporate Finance (Vancouver),Deal Lost,,,,,,,,,,Oct,2018,,,,,,,,,,,,,,,,,,,,,
1/Oct/18,Project Thunder / Storm Guard Water Treatment Inc.,,De-watering & water filtration services,$2.6 ,,CCC Investment Banking,Completed,,,,,,,,,,Oct,2018,,,,,,,,,,,,,,,,,,,,,
2/Oct/18,Project Oyster / Stockhouse.com,,Online financial news hub,$5.2 ,,Canaccord Genuity,Immediate Pass,,,,,,,,,,Oct,2018,,,,,,,,,,,,,,,,,,,,,
3/Oct/18,Project Dakota,,Plastic injection moulding based in WA ,$5.4 ,,Other,Immediate Pass,,,,,,,,,,Oct,2018,,,,,,,,,,,,,,,,,,,,,
28/Sep/18,Project Crispy / Rothesay Holdings Ltd.,,Church's Chicken franchisee,$5.9 ,,MNP (Vancouver),Passed,,,,,,,,,,Sep,2018,,,,,,,,,,,,,,,,,,,,,
14/Sep/18,Project Interchange / POS West Ltd. ,,Payment processing services provider,$5.5 ,,CIBC Mid-Market (Vancouver),Passed,,,,,,,,,,Sep,2018,,,,,,,,,,,,,,,,,,,,,
14/Sep/18,Project Scale / North Delta Seafoods,,"Harvester, processor & distributor of seafood",$3.8 ,,MNP (Vancouver),Passed,,,,,,,,,,Sep,2018,,,,,,,,,,,,,,,,,,,,,
1/Sep/18,Westcan & Indu-Tech (SCG Add-On),,"Pump solutions provider: rebuild, repair, parts manufacturing",$1.3 ,,Sequoia Mergers & Acquisitions Corp.,Completed,,,,,,,,,,Sep,2018,,,,,,,,,,,,,,,,,,,,,
14/Sep/18,PJS Systems,,AV equipment integrator & installer,$1.5 ,,Summit Group,Passed,,,,,,,,,,Sep,2018,,,,,,,,,,,,,,,,,,,,,
14/Sep/18,NFE Manufacturing,,Steal & metal components manufacturer,$3.6 ,,Pacific Mergers & Acquisitions,Passed,,,,,,,,,,Sep,2018,,,,,,,,,,,,,,,,,,,,,
14/Sep/18,Ideal Gear & Machine Works,,Specialty gear manufacturer,$1.7 ,,Peter Day & Associates,Passed,,,,,,,,,,Sep,2018,,,,,,,,,,,,,,,,,,,,,
14/Sep/18,Summit Technologies Inc.,,Building information modeling software,$0.5 ,,Veer Advisors,Passed,,,,,,,,,,Sep,2018,,,,,,,,,,,,,,,,,,,,,
